Versione	Avg	Std
Sequen.	268.054	12.0298
Naive	187.523	3.56446
Status	170.997	4.53335
Streams	178.887	13.3357
Pinned	156.438	7.77593
OpenMP	176.236	11.2817
Reach Opt.	166.52	5.75603
Status unico	167.683	0.399599
